category,total_sales,total_profit
Electronics,12228.13999999999,12228.13999999999
Home & Office,4649.069999999999,4649.069999999999
Stationery,1439.1000000000004,1439.1000000000004
