product_id,product_name,total_sales_amount,total_profit,total_quantity
P201,Wireless Mouse,2729.0899999999997,2729.0899999999997,91
P202,LED Desk Lamp,4649.069999999999,4649.069999999999,93
P203,Notebook Set,1439.1000000000004,1439.1000000000004,90
P204,Bluetooth Speaker,9499.049999999997,9499.049999999997,95
