product_id,product_name,total_sales
P204,Bluetooth Speaker,9499.049999999997
P202,LED Desk Lamp,4649.069999999999
P201,Wireless Mouse,2729.0899999999997
P203,Notebook Set,1439.1000000000004
